{
  "project_info": {
    "project_number": "362858353454",
    "firebase_url": "https://bookla-1343d-default-rtdb.asia-southeast1.firebasedatabase.app",
    "project_id": "bookla-1343d",
    "storage_bucket": "bookla-1343d.appspot.com"
  },
  "client": [
    {
      "client_info": {
        "mobilesdk_app_id": "1:362858353454:android:6f9092713af1299fd960bf",
        "android_client_info": {
          "package_name": "com.example.bookla"
        }
      },
      "oauth_client": [],
      "api_key": [
        {
          "current_key": "AIzaSyDVEEJVFiwbA_ze7OCqrT8I8flOBZ-w7Mw"
        }
      ],
      "services": {
        "appinvite_service": {
          "other_platform_oauth_client": []
        }
      }
    }
  ],
  "configuration_version": "1"
}